<?xml version="1.0" encoding="utf-8"?>
<extension version="1.6" type="plugin" group="content" method="upgrade">
	<name>uddeIM Content Link</name>
	<creationDate>2013-07-01</creationDate>
	<author>Stephan Slabihoud</author>
	<copyright>Stephan Slabihoud. This is free software and you may redistribute it under the GPL. uddeIM comes with absolutely no warranty. For details, see the license at http://www.gnu.org/licenses/gpl.txt. This version is based on uddeIM 0.5b which has been written by Benjamin Zweifel in 2006.</copyright>
	<license>GNU/GPL</license>
	<authorEmail>ssl@gmx.de</authorEmail>
	<authorUrl>http://www.slabihoud.de/software/</authorUrl>
	<version>3.1</version>
	<description>uddeIM Content Link plugin</description>
	<files>
		<filename plugin="uddeim_contentlink">uddeim_contentlink.php</filename>
	</files>
</extension>
