<?xml version="1.0" encoding="iso-8859-1"?>
<mosinstall type="component">
	<name>JComments</name>
	<creationDate>20/02/2012</creationDate>
	<author>smart</author>
	<authorEmail>smart@joomlatune.ru</authorEmail>
	<authorUrl>http://www.joomlatune.ru</authorUrl>
	<copyright>Copyright 2006-2012 JoomlaTune.ru All rights reserved!</copyright>
	<license>http://www.gnu.org/copyleft/gpl.html GNU/GPL</license>
	<version>2.3.0</version>
	<description>JComments lets your users comment on content items.</description>

	<files>
		<filename>index.html</filename>
		<filename>jcomments.php</filename>
		<filename>jcomments.ajax.php</filename>
		<filename>jcomments.captcha.php</filename>
		<filename>jcomments.class.php</filename>
		<filename>jcomments.config.php</filename>
		<filename>jcomments.legacy.php</filename>
		<filename>jcomments.subscription.php</filename>
		<filename>jcomments.rss.php</filename>
		<filename>js/index.html</filename>
		<filename>js/jcomments-v2.3.js</filename>
		<filename>languages/index.html</filename>
		<filename>languages/bg-BG.com_jcomments.ini</filename>
		<filename>languages/ca-ES.com_jcomments.ini</filename>
		<filename>languages/cs-CZ.com_jcomments.ini</filename>
		<filename>languages/da-DK.com_jcomments.ini</filename>
		<filename>languages/de-DE.com_jcomments.ini</filename>
		<filename>languages/en-GB.com_jcomments.ini</filename>
		<filename>languages/es-ES.com_jcomments.ini</filename>
		<filename>languages/fi-FI.com_jcomments.ini</filename>
		<filename>languages/fr-FR.com_jcomments.ini</filename>
		<filename>languages/hu-HU.com_jcomments.ini</filename>
		<filename>languages/it-IT.com_jcomments.ini</filename>
		<filename>languages/lv-LV.com_jcomments.ini</filename>
		<filename>languages/nb-NO.com_jcomments.ini</filename>
		<filename>languages/nl-NL.com_jcomments.ini</filename>
		<filename>languages/pl-PL.com_jcomments.ini</filename>
		<filename>languages/pt-PT.com_jcomments.ini</filename>
		<filename>languages/ro-RO.com_jcomments.ini</filename>
		<filename>languages/ru-RU.com_jcomments.ini</filename>
		<filename>languages/sk-SK.com_jcomments.ini</filename>
		<filename>languages/sl-SI.com_jcomments.ini</filename>
		<filename>languages/sv-SE.com_jcomments.ini</filename>
		<filename>languages/th-TH.com_jcomments.ini</filename>
		<filename>languages/tr-TR.com_jcomments.ini</filename>
		<filename>languages/uk-UA.com_jcomments.ini</filename>
		<filename>languages/administrator/en-GB.com_jcomments.ini</filename>
		<filename>languages/administrator/ru-RU.com_jcomments.ini</filename>
		<filename>helpers/index.html</filename>
		<filename>helpers/content.php</filename>
		<filename>helpers/html.php</filename>
		<filename>helpers/event.php</filename>
		<filename>helpers/object.php</filename>
		<filename>helpers/pagination.php</filename>
		<filename>helpers/system.php</filename>
		<filename>helpers/user.php</filename>
		<filename>libraries/index.html</filename>
		<filename>libraries/convert/index.html</filename>
		<filename>libraries/convert/convert.zip</filename>
		<filename>libraries/kcaptcha/index.html</filename>
		<filename>libraries/kcaptcha/kcaptcha.php</filename>
		<filename>libraries/kcaptcha/kcaptcha_config.php</filename>
		<filename>libraries/kcaptcha/fonts/index.html</filename>
		<filename>libraries/kcaptcha/fonts/antiqua.png</filename>
		<filename>libraries/kcaptcha/fonts/baskerville.png</filename>
		<filename>libraries/kcaptcha/fonts/batang.png</filename>
		<filename>libraries/kcaptcha/fonts/bookman.png</filename>
		<filename>libraries/kcaptcha/fonts/constantia.png</filename>
		<filename>libraries/kcaptcha/fonts/lucida.png</filename>
		<filename>libraries/kcaptcha/fonts/rockwell.png</filename>
		<filename>libraries/joomlatune/index.html</filename>
		<filename>libraries/joomlatune/ajax.js</filename>
		<filename>libraries/joomlatune/ajax.php</filename>
		<filename>libraries/joomlatune/filesystem.php</filename>
		<filename>libraries/joomlatune/language.php</filename>
		<filename>libraries/joomlatune/language.tools.php</filename>
		<filename>libraries/joomlatune/template.php</filename>
		<filename>libraries/joomlatune/tree.php</filename>
		<filename>libraries/joomlatune/joomla/index.html</filename>
		<filename>libraries/joomlatune/joomla/jcache.php</filename>
		<filename>libraries/joomlatune/joomla/jdocument.php</filename>
		<filename>libraries/joomlatune/joomla/jdispatcher.php</filename>
		<filename>libraries/joomlatune/joomla/jtext.php</filename>
		<filename>libraries/joomlatune/joomla/jpluginhelper.php</filename>
		<filename>libraries/joomlatune/joomla/jroute.php</filename>
		<filename>libraries/joomlatune/joomla/jversion.php</filename>
		<filename>libraries/joomlatune/joomla/jtable_10.php</filename>
		<filename>libraries/joomlatune/joomla/jtable_15.php</filename>
		<filename>models/index.html</filename>
		<filename>models/jcomments.php</filename>
		<filename>models/object.php</filename>
		<filename>plugins/index.html</filename>
		<filename>plugins/plugins.zip</filename>
		<filename>images/index.html</filename>
		<filename>images/smiles/index.html</filename>
		<filename>tpl/index.html</filename>
		<filename>tpl/default/index.html</filename>
		<filename>tpl/default/images/index.html</filename>
		<filename>tpl/default/style.css</filename>
		<filename>tpl/default/tpl_comment.php</filename>
		<filename>tpl/default/tpl_email.php</filename>
		<filename>tpl/default/tpl_email_administrator.php</filename>
		<filename>tpl/default/tpl_form.php</filename>
		<filename>tpl/default/tpl_index.php</filename>
		<filename>tpl/default/tpl_links.php</filename>
		<filename>tpl/default/tpl_list.php</filename>
		<filename>tpl/default/tpl_tree.php</filename>
		<filename>tpl/default/tpl_report_form.php</filename>
	</files>
	<images>
		<filename>images/email.png</filename>
		<filename>images/no_avatar.png</filename>
		<filename>images/smiles/rolleyes.gif</filename>
		<filename>images/smiles/confused.gif</filename>
		<filename>images/smiles/cool.gif</filename>
		<filename>images/smiles/cry.gif</filename>
		<filename>images/smiles/laugh.gif</filename>
		<filename>images/smiles/lol.gif</filename>
		<filename>images/smiles/normal.gif</filename>
		<filename>images/smiles/redface.gif</filename>
		<filename>images/smiles/sad.gif</filename>
		<filename>images/smiles/shocked.gif</filename>
		<filename>images/smiles/sick.gif</filename>
		<filename>images/smiles/sleeping.gif</filename>
		<filename>images/smiles/smile.gif</filename>
		<filename>images/smiles/surprised.gif</filename>
		<filename>images/smiles/tongue.gif</filename>
		<filename>images/smiles/unsure.gif</filename>
		<filename>images/smiles/whistling.gif</filename>
		<filename>images/smiles/wink.gif</filename>
		<filename>tpl/default/images/jc_bbcodes.gif</filename>
		<filename>tpl/default/images/jc_blog.gif</filename>
		<filename>tpl/default/images/jc_blog_rtl.gif</filename>
		<filename>tpl/default/images/jc_btnl.gif</filename>
		<filename>tpl/default/images/jc_btnr.gif</filename>
		<filename>tpl/default/images/jc_busy.gif</filename>
		<filename>tpl/default/images/jc_date.gif</filename>
		<filename>tpl/default/images/jc_dot.gif</filename>
		<filename>tpl/default/images/jc_email.gif</filename>
		<filename>tpl/default/images/jc_error.gif</filename>
		<filename>tpl/default/images/jc_info.gif</filename>
		<filename>tpl/default/images/jc_link.gif</filename>
		<filename>tpl/default/images/jc_rb_bl.gif</filename>
		<filename>tpl/default/images/jc_rb_br.gif</filename>
		<filename>tpl/default/images/jc_rb_tl.gif</filename>
		<filename>tpl/default/images/jc_rb_tr.gif</filename>
		<filename>tpl/default/images/jc_refresh.gif</filename>
		<filename>tpl/default/images/jc_refreshg.gif</filename>
		<filename>tpl/default/images/jc_rss.gif</filename>
		<filename>tpl/default/images/jc_rss_rtl.gif</filename>
		<filename>tpl/default/images/jc_subscribe.gif</filename>
		<filename>tpl/default/images/jc_toolbar.gif</filename>
		<filename>tpl/default/images/jc_vote.gif</filename>
		<filename>tpl/default/images/jc_resize.gif</filename>
	</images>
	<install>
		<queries>
		</queries>
	</install>
	<uninstall>
		<queries>
		</queries>
	</uninstall>
	<installfile>install.jcomments.php</installfile>
	<uninstallfile>uninstall.jcomments.php</uninstallfile>
	<administration>
		<menu>JComments</menu>
		<submenu>
			<menu task="comments">Comments</menu>
			<menu task="settings">Settings</menu>
			<menu task="smiles">Smiles</menu>
			<menu task="subscriptions">Subscriptions</menu>
			<menu task="custombbcodes">Custom BBCode</menu>
			<menu task="blacklist">Blacklist</menu>
			<menu task="import">Import</menu>
			<menu task="about">About</menu>
		</submenu>
		<files>
			<filename>admin.jcomments.html.php</filename>
			<filename>admin.jcomments.php</filename>
			<filename>admin.jcomments.installer.php</filename>
			<filename>admin.jcomments.migration.php</filename>
			<filename>admin.jcomments.subscription.php</filename>
			<filename>admin.jcomments.custombbcodes.php</filename>
			<filename>admin.jcomments.blacklist.php</filename>
			<filename>install.jcomments.php</filename>
			<filename>uninstall.jcomments.php</filename>
			<filename>toolbar.jcomments.html.php</filename>
			<filename>toolbar.jcomments.php</filename>
			<filename>version.php</filename>
			<filename>jcomments10.xml</filename>
			<filename>install/index.html</filename>
			<filename>install/sql/settings.sql</filename>
			<filename>install/sql/custom_bbcodes.sql</filename>
			<filename>install/sql/install.mysql.nonutf8.sql</filename>
			<filename>install/helpers/index.html</filename>
			<filename>install/helpers/installer.php</filename>
			<filename>install/helpers/database.php</filename>
			<filename>install/helpers/language.php</filename>
			<filename>install/plugins/content/jcomments.php</filename>
			<filename>install/plugins/content/jcomments.j10.php</filename>
			<filename>install/plugins/content/jcomments.x10</filename>
			<filename>install/plugins/content/jcomments.x15</filename>
			<filename>install/plugins/system/jcomments.php</filename>
			<filename>install/plugins/system/jcomments.j10.php</filename>
			<filename>install/plugins/system/jcomments.x10</filename>
			<filename>install/plugins/system/jcomments.x15</filename>
			<filename>install/plugins/search/jcomments.php</filename>
			<filename>install/plugins/search/jcomments.j10.php</filename>
			<filename>install/plugins/search/jcomments.x10</filename>
			<filename>install/plugins/search/jcomments.x15</filename>
			<filename>install/plugins/editors-xtd/jcommentson.php</filename>
			<filename>install/plugins/editors-xtd/jcommentson.j10.php</filename>
			<filename>install/plugins/editors-xtd/jcommentson.x10</filename>
			<filename>install/plugins/editors-xtd/jcommentson.x15</filename>
			<filename>install/plugins/editors-xtd/jcommentson.gif</filename>
			<filename>install/plugins/editors-xtd/jcommentsoff.php</filename>
			<filename>install/plugins/editors-xtd/jcommentsoff.j10.php</filename>
			<filename>install/plugins/editors-xtd/jcommentsoff.x10</filename>
			<filename>install/plugins/editors-xtd/jcommentsoff.x15</filename>
			<filename>install/plugins/editors-xtd/jcommentsoff.gif</filename>
			<filename>install/plugins/user/jcomments.php</filename>
			<filename>install/plugins/user/jcomments.x15</filename>
			<filename>tables/index.html</filename>
			<filename>tables/blacklist.php</filename>
			<filename>tables/comment.php</filename>
			<filename>tables/custombbcode.php</filename>
            <filename>tables/report.php</filename>
			<filename>tables/subscription.php</filename>
			<filename>classes/index.html</filename>
			<filename>classes/objectinfo.php</filename>
			<filename>classes/button/index.html</filename>
			<filename>classes/button/jcommentspopup.php</filename>
		</files>
		<images>
			<filename>assets/jcomments-backend-v2.1.js</filename>
			<filename>assets/style.css</filename>
			<filename>assets/icon.css</filename>
			<filename>assets/tabpane.css</filename>
			<filename>assets/tab.gif</filename>
			<filename>assets/close.gif</filename>
			<filename>assets/delete.gif</filename>
			<filename>assets/down.gif</filename>
			<filename>assets/up.gif</filename>
			<filename>assets/mail.gif</filename>
			<filename>assets/subscribed.gif</filename>
			<filename>assets/icon-16-comments.png</filename>
			<filename>assets/icon-16-smiles.png</filename>
			<filename>assets/icon-48-smiles.png</filename>
			<filename>assets/icon-16-jcomments.png</filename>
			<filename>assets/icon-48-jcomments.png</filename>
			<filename>assets/icon-16-import.png</filename>
			<filename>assets/icon-48-import.png</filename>
			<filename>assets/icon-16-settings.png</filename>
			<filename>assets/icon-48-settings.png</filename>
			<filename>assets/icon-16-subscriptions.png</filename>
			<filename>assets/icon-48-subscriptions.png</filename>
			<filename>assets/icon-16-custombbcodes.png</filename>
			<filename>assets/icon-48-custombbcodes.png</filename>
			<filename>assets/icon-16-blacklist.png</filename>
			<filename>assets/icon-48-blacklist.png</filename>
			<filename>assets/icon-32-refresh.png</filename>
			<filename>assets/info.gif</filename>
			<filename>assets/error.gif</filename>
			<filename>assets/wait.gif</filename>
			<filename>assets/warning.png</filename>
			<filename>assets/j_button1_left.png</filename>
			<filename>assets/j_button1_next.png</filename>
		</images>
	</administration>
	<params>
		<param name="object_group" type="text" size="25" default="com_jcomments" label="Component" description="" />
		<param name="object_id" type="text" size="25" default="1" label="Object Id" description="" />
		<param name="page_title" type="text" size="30" default="" label="Page Title" description="Text to display at the top of the page" />
		<param name="@spacer" type="spacer" default="" label="Meta" description="" />
		<param name="description" type="textarea" rows="5" cols="30" default="" label="Description" description="" />
		<param name="keywords" type="textarea" rows="5" cols="30" default="" label="Keywords" description="" />
	</params>
</mosinstall>